Workbook

Sheet BI Project Health Check
B2: BI Project Health Check | C2: Self-assessment tool for diagnosing BI Health problems and planning improvements | K2: Designed by Data Nature free to use, comment or share
B3: Answer the questions below one by one and review the charts with the results. These charts show the maturity of your BI project across these factors—plan activities to raise the bars.
B10: (If you are sure that the question is completely non-applicable to your type of organization, leave it unanswered) | H10: 1️⃣ 👇 Answer the questions below one by one and review the charts with the results | L10: 2️⃣ Set your one-year goals for each factor from (0–4) as from the dropdown list.👇
J13: Company | L13: =L33 -> Level 1 | M13: =M33 -> Level 2 | N13: =N33 -> Level 3 | O13: =O33 -> Level 4 | Q13: Target | Y13: Mastering
B14: Connection with business | J14: =J36 -> 1.8333333 | L14: =L36 -> 1.1666667 | M14: =M36 -> 2 | N14: =N36 -> 2.8333333 | O14: =O36 -> 4 | Q14: =Q36 -> 2.6666667 | Y14: 1
B15: Adoption and Satisfaction | J15: =J45 -> 1.4285714 | L15: =L45 -> 0.28571429 | M15: =M45 -> 1.2857143 | N15: =N45 -> 2.2857143 | O15: =O45 -> 3.8571429 | Q15: =Q45 -> 2.1428571 | Y15: 1
B16: BI Content management | J16: =J55 -> 1.3333333 | L16: =L55 -> 0.41666667 | M16: =M55 -> 1.5833333 | N16: =N55 -> 2.9166667 | O16: =O55 -> 4 | Q16: =Q55 -> 2.4285714 | Y16: 1
B17: Self-Service BI Delivery | J17: =J70 -> 1.625 | L17: =L70 -> 0.375 | M17: =M70 -> 1.375 | N17: =N70 -> 3 | O17: =O70 -> 4 | Q17: =Q70 -> 2.5 | Y17: 1
B18: Guided BI Service Delivery | J18: =J81 -> 1.375 | L18: =L81 -> 0.5 | M18: =M81 -> 1.5 | N18: =N81 -> 3 | O18: =O81 -> 4 | Q18: =Q81 -> 2.5 | Y18: 1
B19: BI Platform Governance | J19: =J92 -> 1.2 | L19: =L92 -> 0.5 | M19: =M92 -> 1.5 | N19: =N92 -> 2.8 | O19: =O92 -> 3.8 | Q19: =Q92 -> 1.75 | Y19: 1
B20: Data Quality management | J20: =J105 -> 1 | L20: =L105 -> 1.1666667 | M20: =M105 -> 2 | N20: =N105 -> 3 | O20: =O105 -> 4 | Q20: =Q105 -> 2.3035714 | Y20: 1
B21: BI security and compliance | J21: =J114 -> 1.5 | L21: =L114 -> 0.75 | M21: =M114 -> 1.75 | N21: =N114 -> 3 | O21: =O114 -> 4 | Q21: =Q114 -> 2.125 | Y21: 1
B22: Project Management | J22: =J125 -> 1 | L22: =L125 -> 0.75 | M22: =M125 -> 1.75 | N22: =N125 -> 2.875 | O22: =O125 -> 3.875 | Q22: =Q125 -> 1.75 | Y22: 1
J24: Company | L24: Beginning | M24: Learninig | N24: Developing | O24: Mastering | Q24: Target
B25: Business Alignment | J25: =AVERAGEIF($G$38:$G$262,B25,$J$38:$J$262) -> 2 | L25: =AVERAGEIF($G$38:$G$262,B25,$L$38:$L$262) -> 0.77777778 | M25: =AVERAGEIF($G$38:$G$262,B25,$M$38:$M$262) -> 1.6666667 | N25: =AVERAGEIF($G$38:$G$262,B25,$N$38:$N$262) -> 2.7777778 | O25: =AVERAGEIF($G$38:$G$262,B25,$O$38:$O$262) -> 3.8888889 | Q25: =AVERAGEIF($G$38:$G$262,B25,$Q$38:$Q$262) -> 2.5714286
B26: Data Culture | J26: =AVERAGEIF($G$38:$G$262,B26,$J$38:$J$262) -> 0.66666667 | L26: =AVERAGEIF($G$38:$G$262,B26,$L$38:$L$262) -> 0.625 | M26: =AVERAGEIF($G$38:$G$262,B26,$M$38:$M$262) -> 1.75 | N26: =AVERAGEIF($G$38:$G$262,B26,$N$38:$N$262) -> 2.875 | O26: =AVERAGEIF($G$38:$G$262,B26,$O$38:$O$262) -> 4 | Q26: =AVERAGEIF($G$38:$G$262,B26,$Q$38:$Q$262) -> 2.3333333
B27: Processes & Standards | J27: =AVERAGEIF($G$38:$G$262,B27,$J$38:$J$262) -> 1.0909091 | L27: =AVERAGEIF($G$38:$G$262,B27,$L$38:$L$262) -> 0.85365854 | M27: =AVERAGEIF($G$38:$G$262,B27,$M$38:$M$262) -> 1.8780488 | N27: =AVERAGEIF($G$38:$G$262,B27,$N$38:$N$262) -> 3 | O27: =AVERAGEIF($G$38:$G$262,B27,$O$38:$O$262) -> 4 | Q27: =AVERAGEIF($G$38:$G$262,B27,$Q$38:$Q$262) -> 2.1818182
B28: User Engagement | J28: =AVERAGEIF($G$38:$G$262,B28,$J$38:$J$262) -> 1.7142857 | L28: =AVERAGEIF($G$38:$G$262,B28,$L$38:$L$262) -> 0.42857143 | M28: =AVERAGEIF($G$38:$G$262,B28,$M$38:$M$262) -> 1.2857143 | N28: =AVERAGEIF($G$38:$G$262,B28,$N$38:$N$262) -> 2.4285714 | O28: =AVERAGEIF($G$38:$G$262,B28,$O$38:$O$262) -> 3.8571429 | Q28: =AVERAGEIF($G$38:$G$262,B28,$Q$38:$Q$262) -> 2.2857143
B29: Skills & Trainings | J29: =AVERAGEIF($G$38:$G$262,B29,$J$38:$J$262) -> 1.6666667 | L29: =AVERAGEIF($G$38:$G$262,B29,$L$38:$L$262) -> 0.8 | M29: =AVERAGEIF($G$38:$G$262,B29,$M$38:$M$262) -> 1.9 | N29: =AVERAGEIF($G$38:$G$262,B29,$N$38:$N$262) -> 3 | O29: =AVERAGEIF($G$38:$G$262,B29,$O$38:$O$262) -> 4 | Q29: =AVERAGEIF($G$38:$G$262,B29,$Q$38:$Q$262) -> 2.5
B30: Tools & Automation | J30: =AVERAGEIF($G$38:$G$262,B30,$J$38:$J$262) -> 1.4444444 | L30: =AVERAGEIF($G$38:$G$262,B30,$L$38:$L$262) -> 0.55555556 | M30: =AVERAGEIF($G$38:$G$262,B30,$M$38:$M$262) -> 1.4444444 | N30: =AVERAGEIF($G$38:$G$262,B30,$N$38:$N$262) -> 2.8333333 | O30: =AVERAGEIF($G$38:$G$262,B30,$O$38:$O$262) -> 3.8888889 | Q30: =AVERAGEIF($G$38:$G$262,B30,$Q$38:$Q$262) -> 1.8333333
B31: Efficiency Monitoring | J31: =AVERAGEIF($G$38:$G$262,B31,$J$38:$J$262) -> 1.2857143 | L31: =AVERAGEIF($G$38:$G$262,B31,$L$38:$L$262) -> 0.57142857 | M31: =AVERAGEIF($G$38:$G$262,B31,$M$38:$M$262) -> 1.7142857 | N31: =AVERAGEIF($G$38:$G$262,B31,$N$38:$N$262) -> 3 | O31: =AVERAGEIF($G$38:$G$262,B31,$O$38:$O$262) -> 4 | Q31: =AVERAGEIF($G$38:$G$262,B31,$Q$38:$Q$262) -> 2
B33: List of Factors | G33: Solution category | H33: Your self-estimation | J33: Your score | L33: Level 1 | M33: Level 2 | N33: Level 3 | O33: Level 4 | Q33: 1Y Target
A36: 1 | B36: Connection with business | J36: =AVERAGEIF(J38:J43,">= 0") -> 1.8333333 | L36: =AVERAGEIF(L38:L43,">= 0") -> 1.1666667 | M36: =AVERAGEIF(M38:M43,">= 0") -> 2 | N36: =AVERAGEIF(N38:N43,">= 0") -> 2.8333333 | O36: =AVERAGEIF(O38:O43,">= 0") -> 4 | Q36: =AVERAGEIF(Q38:Q43,">= 0") -> 2.6666667
A38: 1.1 | B38: Registration of analytical cases | C38: Is there a registry of analytical cases, ranked based on their value to the business? | G38: Business Alignment | H38: 3 - Completed, but Improvement Needed | J38: =IFERROR(VLOOKUP(H38,Criteria!B:L,7,0),IFERROR(VLOOKUP(H38,Criteria!C:M,7,0),IFERROR(VLOOKUP(H38,Criteria!D:N,7,0),IFERROR(VLOOKUP(H38,Criteria!E:O,7,0),IFERROR(VLOOKUP(H38,Criteria!F:P,7,0),NA()))))) -> 3 | L38: 0 | M38: 1 | N38: 2 | O38: =4 -> 4 | Q38: 3
A39: 1.2 | B39: Integration into business processes | C39: Are BI reports integrated into regular business processes and meeting cadence for managerial decision-making? | G39: Business Alignment | H39: 3 - Completed, but Improvement Needed | J39: =IFERROR(VLOOKUP(H39,Criteria!B:L,7,0),IFERROR(VLOOKUP(H39,Criteria!C:M,7,0),IFERROR(VLOOKUP(H39,Criteria!D:N,7,0),IFERROR(VLOOKUP(H39,Criteria!E:O,7,0),IFERROR(VLOOKUP(H39,Criteria!F:P,7,0),NA()))))) -> 3 | L39: =1 -> 1 | M39: =2 -> 2 | N39: =3 -> 3 | O39: =4 -> 4 | Q39: 3
A40: 1.3 | B40: Alignment of BI goals with business goals | C40: Do BI initiatives align with the strategic and operational goals of the business? | G40: Business Alignment | H40: 1 - Planned | J40: =IFERROR(VLOOKUP(H40,Criteria!B:L,7,0),IFERROR(VLOOKUP(H40,Criteria!C:M,7,0),IFERROR(VLOOKUP(H40,Criteria!D:N,7,0),IFERROR(VLOOKUP(H40,Criteria!E:O,7,0),IFERROR(VLOOKUP(H40,Criteria!F:P,7,0),NA()))))) -> 1 | L40: 2 | M40: =2 -> 2 | N40: =3 -> 3 | O40: 4 | Q40: 3
A41: 1.4 | B41: Engagement of business leaders | C41: Are business leaders actively involved in BI initiatives and do they promote the dissemination of reports among teams? | G41: Data Culture | H41: 1 - Planned | J41: =IFERROR(VLOOKUP(H41,Criteria!B:L,7,0),IFERROR(VLOOKUP(H41,Criteria!C:M,7,0),IFERROR(VLOOKUP(H41,Criteria!D:N,7,0),IFERROR(VLOOKUP(H41,Criteria!E:O,7,0),IFERROR(VLOOKUP(H41,Criteria!F:P,7,0),NA()))))) -> 1 | L41: 2 | M41: 3 | N41: =3 -> 3 | O41: =4 -> 4 | Q41: 3
A42: 1.5 | B42: Defining target audience roles for BI | C42: Are the personas of the target audience for BI clearly defined and classified by how they consume/produce analytics? | G42: Business Alignment | H42: 2 - In Progress / Partially Completed | J42: =IFERROR(VLOOKUP(H42,Criteria!B:L,7,0),IFERROR(VLOOKUP(H42,Criteria!C:M,7,0),IFERROR(VLOOKUP(H42,Criteria!D:N,7,0),IFERROR(VLOOKUP(H42,Criteria!E:O,7,0),IFERROR(VLOOKUP(H42,Criteria!F:P,7,0),NA()))))) -> 2 | L42: =1 -> 1 | M42: =2 -> 2 | N42: =3 -> 3 | O42: =4 -> 4 | Q42: 2
A43: 1.6 | B43: Structuring business metrics | C43: Is the business metrics tree clearly defined and standardized for organizational consistency? | G43: Processes & Standards | H43: 1 - Planned | J43: =IFERROR(VLOOKUP(H43,Criteria!B:L,7,0),IFERROR(VLOOKUP(H43,Criteria!C:M,7,0),IFERROR(VLOOKUP(H43,Criteria!D:N,7,0),IFERROR(VLOOKUP(H43,Criteria!E:O,7,0),IFERROR(VLOOKUP(H43,Criteria!F:P,7,0),NA()))))) -> 1 | L43: =1 -> 1 | M43: =2 -> 2 | N43: =3 -> 3 | O43: =4 -> 4 | Q43: 2
A45: 2 | B45: Adoption and Satisfaction | J45: =AVERAGEIF(J47:J53,">= 0") -> 1.4285714 | L45: =AVERAGEIF(L47:L53,">= 0") -> 0.28571429 | M45: =AVERAGEIF(M47:M53,">= 0") -> 1.2857143 | N45: =AVERAGEIF(N47:N53,">= 0") -> 2.2857143 | O45: =AVERAGEIF(O47:O53,">= 0") -> 3.8571429 | Q45: =AVERAGEIF(Q47:Q53,">= 0") -> 2.1428571
A47: 2.1 | B47: Monitoring BI usage | C47: Are there tools for monitoring report usage and analyzing BI usage statistics (BI for BI)? | G47: User Engagement | H47: 2 - In Progress / Partially Completed | J47: =IFERROR(VLOOKUP(H47,Criteria!B:L,7,0),IFERROR(VLOOKUP(H47,Criteria!C:M,7,0),IFERROR(VLOOKUP(H47,Criteria!D:N,7,0),IFERROR(VLOOKUP(H47,Criteria!E:O,7,0),IFERROR(VLOOKUP(H47,Criteria!F:P,7,0),NA()))))) -> 2 | L47: 0 | M47: 1 | N47: 2 | O47: 3 | Q47: 2
A48: 2.2 | B48: BI tools adoption assessment | C48: Do you conduct regular assessments of BI/Analytical tools adoption? | G48: User Engagement | H48: 0 - No | J48: =IFERROR(VLOOKUP(H48,Criteria!B:L,7,0),IFERROR(VLOOKUP(H48,Criteria!C:M,7,0),IFERROR(VLOOKUP(H48,Criteria!D:N,7,0),IFERROR(VLOOKUP(H48,Criteria!E:O,7,0),IFERROR(VLOOKUP(H48,Criteria!F:P,7,0),NA()))))) -> 0 | L48: 1 | M48: 2 | N48: 3 | O48: 4 | Q48: 2
A49: 2.3 | B49: Level of business engagement | C49: Does the proportion of active BI users per month exceed 50% for key target management roles? | G49: Data Culture | H49: 1 - Planned | J49: =IFERROR(VLOOKUP(H49,Criteria!B:L,7,0),IFERROR(VLOOKUP(H49,Criteria!C:M,7,0),IFERROR(VLOOKUP(H49,Criteria!D:N,7,0),IFERROR(VLOOKUP(H49,Criteria!E:O,7,0),IFERROR(VLOOKUP(H49,Criteria!F:P,7,0),NA()))))) -> 1 | L49: 0 | M49: 2 | N49: 2 | O49: =4 -> 4 | Q49: 2
A50: 2.4 | B50: BI adoption goals | C50: Is BI/Analytical tools adoption included in the list of goals of the BI Team? | G50: User Engagement | H50: 2 - In Progress / Partially Completed | J50: =IFERROR(VLOOKUP(H50,Criteria!B:L,7,0),IFERROR(VLOOKUP(H50,Criteria!C:M,7,0),IFERROR(VLOOKUP(H50,Criteria!D:N,7,0),IFERROR(VLOOKUP(H50,Criteria!E:O,7,0),IFERROR(VLOOKUP(H50,Criteria!F:P,7,0),NA()))))) -> 2 | L50: 0 | M50: 1 | N50: 2 | O50: =4 -> 4 | Q50: 3
A51: 2.5 | B51: User satisfaction assessment | C51: Are regular user surveys conducted to assess their satisfaction with working with BI reports? | G51: User Engagement | H51: 3 - Completed, but Improvement Needed | J51: =IFERROR(VLOOKUP(H51,Criteria!B:L,7,0),IFERROR(VLOOKUP(H51,Criteria!C:M,7,0),IFERROR(VLOOKUP(H51,Criteria!D:N,7,0),IFERROR(VLOOKUP(H51,Criteria!E:O,7,0),IFERROR(VLOOKUP(H51,Criteria!F:P,7,0),NA()))))) -> 3 | L51: 0 | M51: 0 | N51: 2 | O51: =4 -> 4 | Q51: 2
A52: 2.6 | B52: Feedback gathering | C52: Do you have a framework in place for gathering feedback from end-users to enhance BI reports? | G52: User Engagement | H52: 0 - No | J52: =IFERROR(VLOOKUP(H52,Criteria!B:L,7,0),IFERROR(VLOOKUP(H52,Criteria!C:M,7,0),IFERROR(VLOOKUP(H52,Criteria!D:N,7,0),IFERROR(VLOOKUP(H52,Criteria!E:O,7,0),IFERROR(VLOOKUP(H52,Criteria!F:P,7,0),NA()))))) -> 0 | L52: 0 | M52: 1 | N52: 2 | O52: =4 -> 4 | Q52: 1
A53: 2.7 | B53: Onboarding of new users | C53: Is there a process for onboarding new users into BI tools and systems with recommended reports? | G53: Skills & Trainings | H53: 2 - In Progress / Partially Completed | J53: =IFERROR(VLOOKUP(H53,Criteria!B:L,7,0),IFERROR(VLOOKUP(H53,Criteria!C:M,7,0),IFERROR(VLOOKUP(H53,Criteria!D:N,7,0),IFERROR(VLOOKUP(H53,Criteria!E:O,7,0),IFERROR(VLOOKUP(H53,Criteria!F:P,7,0),NA()))))) -> 2 | L53: 1 | M53: 2 | N53: =3 -> 3 | O53: =4 -> 4 | Q53: 3
A55: 3 | B55: BI Content management | J55: =AVERAGEIF(J57:J68,">= 0") -> 1.3333333 | L55: =AVERAGEIF(L57:L68,">= 0") -> 0.41666667 | M55: =AVERAGEIF(M57:M68,">= 0") -> 1.5833333 | N55: =AVERAGEIF(N57:N68,">= 0") -> 2.9166667 | O55: =AVERAGEIF(O57:O68,">= 0") -> 4 | Q55: =AVERAGEIF(Q57:Q63,">= 0") -> 2.4285714
A57: 3.1 | B57: Acceptance criteria for tasks | C57: Are clear task acceptance criteria defined and agreed upon with the business? | G57: Processes & Standards | H57: 2 - In Progress / Partially Completed | J57: =IFERROR(VLOOKUP(H57,Criteria!B:L,7,0),IFERROR(VLOOKUP(H57,Criteria!C:M,7,0),IFERROR(VLOOKUP(H57,Criteria!D:N,7,0),IFERROR(VLOOKUP(H57,Criteria!E:O,7,0),IFERROR(VLOOKUP(H57,Criteria!F:P,7,0),NA()))))) -> 2 | L57: 0 | M57: =2 -> 2 | N57: =3 -> 3 | O57: =4 -> 4 | Q57: 3
A58: 3.2 | B58: BI development process | C58: Do you have a documented requirements gathering framework? | G58: Processes & Standards | H58: 0 - No | J58: =IFERROR(VLOOKUP(H58,Criteria!B:L,7,0),IFERROR(VLOOKUP(H58,Criteria!C:M,7,0),IFERROR(VLOOKUP(H58,Criteria!D:N,7,0),IFERROR(VLOOKUP(H58,Criteria!E:O,7,0),IFERROR(VLOOKUP(H58,Criteria!F:P,7,0),NA()))))) -> 0 | L58: 0 | M58: 1 | N58: =3 -> 3 | O58: =4 -> 4 | Q58: 3
A59: 3.3 | B59: Testing and release checklist | C59: Does every productive report release and update follow a checklist to ensure quality? | G59: Processes & Standards | H59: 1 - Planned | J59: =IFERROR(VLOOKUP(H59,Criteria!B:L,7,0),IFERROR(VLOOKUP(H59,Criteria!C:M,7,0),IFERROR(VLOOKUP(H59,Criteria!D:N,7,0),IFERROR(VLOOKUP(H59,Criteria!E:O,7,0),IFERROR(VLOOKUP(H59,Criteria!F:P,7,0),NA()))))) -> 1 | L59: 0 | M59: 1 | N59: 3 | O59: =4 -> 4 | Q59: 2
A60: 3.4 | B60: Documentation of reports | C60: Is there a process in place for documenting reports, including data sources, metrics, logic, use cases, and ownership? | G60: Processes & Standards | H60: 2 - In Progress / Partially Completed | J60: =IFERROR(VLOOKUP(H60,Criteria!B:L,7,0),IFERROR(VLOOKUP(H60,Criteria!C:M,7,0),IFERROR(VLOOKUP(H60,Criteria!D:N,7,0),IFERROR(VLOOKUP(H60,Criteria!E:O,7,0),IFERROR(VLOOKUP(H60,Criteria!F:P,7,0),NA()))))) -> 2 | L60: 2 | M60: 3 | N60: =3 -> 3 | O60: =4 -> 4 | Q60: 3
A61: 3.5 | B61: Content certification with the business | C61: Is there a labeling for reports recommended for specific metrics by business data owner? | G61: Business Alignment | H61: 3 - Completed, but Improvement Needed | J61: =IFERROR(VLOOKUP(H61,Criteria!B:L,7,0),IFERROR(VLOOKUP(H61,Criteria!C:M,7,0),IFERROR(VLOOKUP(H61,Criteria!D:N,7,0),IFERROR(VLOOKUP(H61,Criteria!E:O,7,0),IFERROR(VLOOKUP(H61,Criteria!F:P,7,0),NA()))))) -> 3 | L61: 0 | M61: 1 | N61: 3 | O61: =4 -> 4 | Q61: 3
A62: 3.6 | B62: Regular review of reports with the business | C62: Are regular reviews of reports conducted with the business data owners to check their relevance and alignment? | G62: Processes & Standards | H62: 2 - In Progress / Partially Completed | J62: =IFERROR(VLOOKUP(H62,Criteria!B:L,7,0),IFERROR(VLOOKUP(H62,Criteria!C:M,7,0),IFERROR(VLOOKUP(H62,Criteria!D:N,7,0),IFERROR(VLOOKUP(H62,Criteria!E:O,7,0),IFERROR(VLOOKUP(H62,Criteria!F:P,7,0),NA()))))) -> 2 | L62: 0 | M62: =2 -> 2 | N62: =3 -> 3 | O62: =4 -> 4 | Q62: 2
A63: 3.7 | B63: Integration of reports with the data glossary | C63: Are BI reports integrated with the corporate data glossary to standardize terminology and improve understanding? | G63: Tools & Automation | H63: 0 - No | J63: =IFERROR(VLOOKUP(H63,Criteria!B:L,7,0),IFERROR(VLOOKUP(H63,Criteria!C:M,7,0),IFERROR(VLOOKUP(H63,Criteria!D:N,7,0),IFERROR(VLOOKUP(H63,Criteria!E:O,7,0),IFERROR(VLOOKUP(H63,Criteria!F:P,7,0),NA()))))) -> 0 | L63: 0 | M63: 0 | N63: 2 | O63: =4 -> 4 | Q63: 1
A64: 3.8 | B64: Content archiving procedure | C64: Is there a procedure in place for archiving outdated or unused reports and data sources? | G64: Processes & Standards | H64: 1 - Planned | J64: =IFERROR(VLOOKUP(H64,Criteria!B:L,7,0),IFERROR(VLOOKUP(H64,Criteria!C:M,7,0),IFERROR(VLOOKUP(H64,Criteria!D:N,7,0),IFERROR(VLOOKUP(H64,Criteria!E:O,7,0),IFERROR(VLOOKUP(H64,Criteria!F:P,7,0),NA()))))) -> 1 | L64: =1 -> 1 | M64: =2 -> 2 | N64: =3 -> 3 | O64: =4 -> 4 | Q64: 2
A65: 3.9 | B65: Load time tracking | C65: Is there a regular process for tracking report loading times againts acceptable performance standard levels? | G65: Efficiency Monitoring | H65: 2 - In Progress / Partially Completed | J65: =IFERROR(VLOOKUP(H65,Criteria!B:L,7,0),IFERROR(VLOOKUP(H65,Criteria!C:M,7,0),IFERROR(VLOOKUP(H65,Criteria!D:N,7,0),IFERROR(VLOOKUP(H65,Criteria!E:O,7,0),IFERROR(VLOOKUP(H65,Criteria!F:P,7,0),NA()))))) -> 2 | L65: =1 -> 1 | M65: =2 -> 2 | N65: =3 -> 3 | O65: =4 -> 4 | Q65: 3
A66: 3.10 | B66: Load time improvement workflow | C66: Is there a regular process in place for improving report performance, including the use of a specialized guide? | G66: Efficiency Monitoring | H66: 3 - Completed, but Improvement Needed | J66: =IFERROR(VLOOKUP(H66,Criteria!B:L,7,0),IFERROR(VLOOKUP(H66,Criteria!C:M,7,0),IFERROR(VLOOKUP(H66,Criteria!D:N,7,0),IFERROR(VLOOKUP(H66,Criteria!E:O,7,0),IFERROR(VLOOKUP(H66,Criteria!F:P,7,0),NA()))))) -> 3 | L66: 0 | M66: =2 -> 2 | N66: =3 -> 3 | O66: =4 -> 4 | Q66: 3
A67: 3.11 | B67: Style guide | C67: Do you have well-defined visual guidelines for data visualization and BI reporting? | G67: Processes & Standards | H67: 0 - No | J67: =IFERROR(VLOOKUP(H67,Criteria!B:L,7,0),IFERROR(VLOOKUP(H67,Criteria!C:M,7,0),IFERROR(VLOOKUP(H67,Criteria!D:N,7,0),IFERROR(VLOOKUP(H67,Criteria!E:O,7,0),IFERROR(VLOOKUP(H67,Criteria!F:P,7,0),NA()))))) -> 0 | L67: =1 -> 1 | M67: =2 -> 2 | N67: =3 -> 3 | O67: =4 -> 4 | Q67: 1
A68: 3.10 | B68: Content Health SLAs (Load Time, Actuality, etc) | G68: Efficiency Monitoring | H68: 0 - No | J68: =IFERROR(VLOOKUP(H68,Criteria!B:L,7,0),IFERROR(VLOOKUP(H68,Criteria!C:M,7,0),IFERROR(VLOOKUP(H68,Criteria!D:N,7,0),IFERROR(VLOOKUP(H68,Criteria!E:O,7,0),IFERROR(VLOOKUP(H68,Criteria!F:P,7,0),NA()))))) -> 0 | L68: 0 | M68: 1 | N68: =3 -> 3 | O68: =4 -> 4 | Q68: 0
A70: 4 | B70: Self-Service BI Delivery | J70: =AVERAGEIF(J72:J79,">= 0") -> 1.625 | L70: =AVERAGEIF(L72:L79,">= 0") -> 0.375 | M70: =AVERAGEIF(M72:M79,">= 0") -> 1.375 | N70: =AVERAGEIF(N72:N79,">= 0") -> 3 | O70: =AVERAGEIF(O72:O79,">= 0") -> 4 | Q70: =AVERAGEIF(Q72:Q79,">= 0") -> 2.5
A72: 4.1 | B72: Operating model balance | C72: Do you have both a centralized and self-service BI models harmonized for the needs of your company? | G72: Business Alignment | H72: 2 - In Progress / Partially Completed | J72: =IFERROR(VLOOKUP(H72,Criteria!B:L,7,0),IFERROR(VLOOKUP(H72,Criteria!C:M,7,0),IFERROR(VLOOKUP(H72,Criteria!D:N,7,0),IFERROR(VLOOKUP(H72,Criteria!E:O,7,0),IFERROR(VLOOKUP(H72,Criteria!F:P,7,0),NA()))))) -> 2 | L72: =1 -> 1 | M72: =2 -> 2 | N72: =3 -> 3 | O72: =4 -> 4 | Q72: 3
A73: 4.2 | B73: Methodologies and tools consistency | C73: Is there a mechanism to ensure consistency in analytics methodologies and tools across departments? | G73: Tools & Automation | H73: 2 - In Progress / Partially Completed | J73: =IFERROR(VLOOKUP(H73,Criteria!B:L,7,0),IFERROR(VLOOKUP(H73,Criteria!C:M,7,0),IFERROR(VLOOKUP(H73,Criteria!D:N,7,0),IFERROR(VLOOKUP(H73,Criteria!E:O,7,0),IFERROR(VLOOKUP(H73,Criteria!F:P,7,0),NA()))))) -> 2 | L73: 0 | M73: 1 | N73: 3 | O73: =4 -> 4 | Q73: 2
A74: 4.3 | B74: Communication | C74: Is there an established portal and chat / channel for communication related to Self-Service BI? | G74: Data Culture | H74: 0 - No | J74: =IFERROR(VLOOKUP(H74,Criteria!B:L,7,0),IFERROR(VLOOKUP(H74,Criteria!C:M,7,0),IFERROR(VLOOKUP(H74,Criteria!D:N,7,0),IFERROR(VLOOKUP(H74,Criteria!E:O,7,0),IFERROR(VLOOKUP(H74,Criteria!F:P,7,0),NA()))))) -> 0 | L74: =1 -> 1 | M74: =2 -> 2 | N74: =3 -> 3 | O74: =4 -> 4 | Q74: 2
A75: 4.4 | B75: Content transfer and review | C75: Is there a process for transferring content ownership between Self-Service BI authors and the centralized BI team? | G75: Processes & Standards | H75: 1 - Planned | J75: =IFERROR(VLOOKUP(H75,Criteria!B:L,7,0),IFERROR(VLOOKUP(H75,Criteria!C:M,7,0),IFERROR(VLOOKUP(H75,Criteria!D:N,7,0),IFERROR(VLOOKUP(H75,Criteria!E:O,7,0),IFERROR(VLOOKUP(H75,Criteria!F:P,7,0),NA()))))) -> 1 | L75: 0 | M75: 1 | N75: =3 -> 3 | O75: =4 -> 4 | Q75: 2
A76: 4.5 | B76: BI Champions | C76: Do you have a BI Champions program that advocates for and leads the BI framework within data domains? | G76: Data Culture | H76: 2 - In Progress / Partially Completed | J76: =IFERROR(VLOOKUP(H76,Criteria!B:L,7,0),IFERROR(VLOOKUP(H76,Criteria!C:M,7,0),IFERROR(VLOOKUP(H76,Criteria!D:N,7,0),IFERROR(VLOOKUP(H76,Criteria!E:O,7,0),IFERROR(VLOOKUP(H76,Criteria!F:P,7,0),NA()))))) -> 2 | L76: 0 | M76: 1 | N76: =3 -> 3 | O76: =4 -> 4 | Q76: 2
A77: 4.6 | B77: Learning paths | C77: Are structured learning paths available to guide users in improving their BI skills? | G77: Skills & Trainings | H77: 3 - Completed, but Improvement Needed | J77: =IFERROR(VLOOKUP(H77,Criteria!B:L,7,0),IFERROR(VLOOKUP(H77,Criteria!C:M,7,0),IFERROR(VLOOKUP(H77,Criteria!D:N,7,0),IFERROR(VLOOKUP(H77,Criteria!E:O,7,0),IFERROR(VLOOKUP(H77,Criteria!F:P,7,0),NA()))))) -> 3 | L77: 0 | M77: 1 | N77: =3 -> 3 | O77: =4 -> 4 | Q77: 3
A78: 4.7 | B78: Community building | C78: Are there regular community-building activities: meetups, demo days, or knowledge-sharing events for BI users? | G78: Data Culture | H78: 0 - No | J78: =IFERROR(VLOOKUP(H78,Criteria!B:L,7,0),IFERROR(VLOOKUP(H78,Criteria!C:M,7,0),IFERROR(VLOOKUP(H78,Criteria!D:N,7,0),IFERROR(VLOOKUP(H78,Criteria!E:O,7,0),IFERROR(VLOOKUP(H78,Criteria!F:P,7,0),NA()))))) -> 0 | L78: 0 | M78: 1 | N78: =3 -> 3 | O78: =4 -> 4 | Q78: 3
A79: 4.8 | B79: Training and mentorship services | C79: Are regular training sessions conducted for Self-Service BI users, and are mentorship services available? | G79: Skills & Trainings | H79: 3 - Completed, but Improvement Needed | J79: =IFERROR(VLOOKUP(H79,Criteria!B:L,7,0),IFERROR(VLOOKUP(H79,Criteria!C:M,7,0),IFERROR(VLOOKUP(H79,Criteria!D:N,7,0),IFERROR(VLOOKUP(H79,Criteria!E:O,7,0),IFERROR(VLOOKUP(H79,Criteria!F:P,7,0),NA()))))) -> 3 | L79: =1 -> 1 | M79: =2 -> 2 | N79: =3 -> 3 | O79: =4 -> 4 | Q79: 3
A81: 5 | B81: Guided BI Service Delivery | J81: =AVERAGEIF(J83:J90,">= 0") -> 1.375 | L81: =AVERAGEIF(L83:L90,">= 0") -> 0.5 | M81: =AVERAGEIF(M83:M90,">= 0") -> 1.5 | N81: =AVERAGEIF(N83:N90,">= 0") -> 3 | O81: =AVERAGEIF(O83:O90,">= 0") -> 4 | Q81: =AVERAGEIF(Q83:Q88,">= 0") -> 2.5
A83: 5.1 | B83: BI user support | C83: Are there support teams available to assist BI users with their issues? | G83: User Engagement | H83: 2 - In Progress / Partially Completed | J83: =IFERROR(VLOOKUP(H83,Criteria!B:L,7,0),IFERROR(VLOOKUP(H83,Criteria!C:M,7,0),IFERROR(VLOOKUP(H83,Criteria!D:N,7,0),IFERROR(VLOOKUP(H83,Criteria!E:O,7,0),IFERROR(VLOOKUP(H83,Criteria!F:P,7,0),NA()))))) -> 2 | L83: =1 -> 1 | M83: =2 -> 2 | N83: =3 -> 3 | O83: =4 -> 4 | Q83: 3
A84: 5.2 | B84: Regular user training sessions | C84: Are regular training sessions conducted to improve users' proficiency with BI reports? | G84: Skills & Trainings | H84: 0 - No | J84: =IFERROR(VLOOKUP(H84,Criteria!B:L,7,0),IFERROR(VLOOKUP(H84,Criteria!C:M,7,0),IFERROR(VLOOKUP(H84,Criteria!D:N,7,0),IFERROR(VLOOKUP(H84,Criteria!E:O,7,0),IFERROR(VLOOKUP(H84,Criteria!F:P,7,0),NA()))))) -> 0 | L84: =1 -> 1 | M84: =2 -> 2 | N84: =3 -> 3 | O84: =4 -> 4 | Q84: 2
A85: 5.4 | B85: Joint data analysis sessions | C85: Are regular joint data analysis sessions held by BI team with business leaders and SMEs? | G85: Data Culture | H85: 0 - No | J85: =IFERROR(VLOOKUP(H85,Criteria!B:L,7,0),IFERROR(VLOOKUP(H85,Criteria!C:M,7,0),IFERROR(VLOOKUP(H85,Criteria!D:N,7,0),IFERROR(VLOOKUP(H85,Criteria!E:O,7,0),IFERROR(VLOOKUP(H85,Criteria!F:P,7,0),NA()))))) -> 0 | L85: 0 | M85: 1 | N85: =3 -> 3 | O85: =4 -> 4 | Q85: 2
A86: 5.5 | B86: Data accessibility for users | C86: Do users have access to data and can independently work with BI reports using data exploration capabilities? | G86: Tools & Automation | H86: 1 - Planned | J86: =IFERROR(VLOOKUP(H86,Criteria!B:L,7,0),IFERROR(VLOOKUP(H86,Criteria!C:M,7,0),IFERROR(VLOOKUP(H86,Criteria!D:N,7,0),IFERROR(VLOOKUP(H86,Criteria!E:O,7,0),IFERROR(VLOOKUP(H86,Criteria!F:P,7,0),NA()))))) -> 1 | L86: =1 -> 1 | M86: =2 -> 2 | N86: =3 -> 3 | O86: =4 -> 4 | Q86: 3
A87: 5.6 | B87: Report optimization for devices | C87: Are BI reports optimized for proper display on mobile devices, tablets? | G87: Processes & Standards | H87: 2 - In Progress / Partially Completed | J87: =IFERROR(VLOOKUP(H87,Criteria!B:L,7,0),IFERROR(VLOOKUP(H87,Criteria!C:M,7,0),IFERROR(VLOOKUP(H87,Criteria!D:N,7,0),IFERROR(VLOOKUP(H87,Criteria!E:O,7,0),IFERROR(VLOOKUP(H87,Criteria!F:P,7,0),NA()))))) -> 2 | L87: 0 | M87: 1 | N87: =3 -> 3 | O87: =4 -> 4 | Q87: 2
A88: 5.7 | B88: Usability testing of reports | C88: Is usability testing conducted with real users to improve the ease of use of reports? | G88: User Engagement | H88: 3 - Completed, but Improvement Needed | J88: =IFERROR(VLOOKUP(H88,Criteria!B:L,7,0),IFERROR(VLOOKUP(H88,Criteria!C:M,7,0),IFERROR(VLOOKUP(H88,Criteria!D:N,7,0),IFERROR(VLOOKUP(H88,Criteria!E:O,7,0),IFERROR(VLOOKUP(H88,Criteria!F:P,7,0),NA()))))) -> 3 | L88: =1 -> 1 | M88: =2 -> 2 | N88: =3 -> 3 | O88: =4 -> 4 | Q88: 3
A89: 5.8 | B89: User experience analysis | C89: Is user behavior analysis conducted to improve the functionality and usability of reports? | G89: Tools & Automation | H89: 0 - No | J89: =IFERROR(VLOOKUP(H89,Criteria!B:L,7,0),IFERROR(VLOOKUP(H89,Criteria!C:M,7,0),IFERROR(VLOOKUP(H89,Criteria!D:N,7,0),IFERROR(VLOOKUP(H89,Criteria!E:O,7,0),IFERROR(VLOOKUP(H89,Criteria!F:P,7,0),NA()))))) -> 0 | L89: 0 | M89: 1 | N89: =3 -> 3 | O89: =4 -> 4 | Q89: 1
A90: 5.9 | B90: Improved BI navigation portal | C90: Is there a BI portal with improved navigation in place, built on top of the default one? | G90: Tools & Automation | H90: 3 - Completed, but Improvement Needed | J90: =IFERROR(VLOOKUP(H90,Criteria!B:L,7,0),IFERROR(VLOOKUP(H90,Criteria!C:M,7,0),IFERROR(VLOOKUP(H90,Criteria!D:N,7,0),IFERROR(VLOOKUP(H90,Criteria!E:O,7,0),IFERROR(VLOOKUP(H90,Criteria!F:P,7,0),NA()))))) -> 3 | L90: 0 | M90: 1 | N90: =3 -> 3 | O90: =4 -> 4 | Q90: 2
A92: 6 | B92: BI Platform Governance | J92: =AVERAGEIF(J94:J103,">= 0") -> 1.2 | L92: =AVERAGEIF(L94:L103,">= 0") -> 0.5 | M92: =AVERAGEIF(M94:M103,">= 0") -> 1.5 | N92: =AVERAGEIF(N94:N103,">= 0") -> 2.8 | O92: =AVERAGEIF(O94:O103,">= 0") -> 3.8 | Q92: =AVERAGEIF(Q94:Q101,">= 0") -> 1.75
A94: 6.1 | B94: Semantic layer | C94: Do you have a semantic layer solution – a centralized data layer for reporting that ensures consistent logic? | G94: Tools & Automation | H94: 2 - In Progress / Partially Completed | J94: =IFERROR(VLOOKUP(H94,Criteria!B:L,7,0),IFERROR(VLOOKUP(H94,Criteria!C:M,7,0),IFERROR(VLOOKUP(H94,Criteria!D:N,7,0),IFERROR(VLOOKUP(H94,Criteria!E:O,7,0),IFERROR(VLOOKUP(H94,Criteria!F:P,7,0),NA()))))) -> 2 | L94: =1 -> 1 | M94: =2 -> 2 | N94: =3 -> 3 | O94: =4 -> 4 | Q94: 3
A95: 6.2 | B95: Metric store | C95: Is there a centralized Metric Store (e.g., dbt metrics) ensuring consistent metric logic across reports and analytics tools? | G95: Tools & Automation | H95: 1 - Planned | J95: =IFERROR(VLOOKUP(H95,Criteria!B:L,7,0),IFERROR(VLOOKUP(H95,Criteria!C:M,7,0),IFERROR(VLOOKUP(H95,Criteria!D:N,7,0),IFERROR(VLOOKUP(H95,Criteria!E:O,7,0),IFERROR(VLOOKUP(H95,Criteria!F:P,7,0),NA()))))) -> 1 | L95: 0 | M95: 1 | N95: 2 | O95: 3 | Q95: 1
A96: 6.3 | B96: Insights management solution | C96: Do you have a solution for automated generating and delivering insights from data and reports? | G96: Tools & Automation | H96: 0 - No | J96: =IFERROR(VLOOKUP(H96,Criteria!B:L,7,0),IFERROR(VLOOKUP(H96,Criteria!C:M,7,0),IFERROR(VLOOKUP(H96,Criteria!D:N,7,0),IFERROR(VLOOKUP(H96,Criteria!E:O,7,0),IFERROR(VLOOKUP(H96,Criteria!F:P,7,0),NA()))))) -> 0 | L96: 0 | M96: 1 | N96: 2 | O96: 3 | Q96: 0
A97: 6.4 | B97: CI/CD practices | C97: Have you integrated CI/CD practices into your BI / data engineering workflows for efficient deployment of data assets? | G97: Tools & Automation | H97: 1 - Planned | J97: =IFERROR(VLOOKUP(H97,Criteria!B:L,7,0),IFERROR(VLOOKUP(H97,Criteria!C:M,7,0),IFERROR(VLOOKUP(H97,Criteria!D:N,7,0),IFERROR(VLOOKUP(H97,Criteria!E:O,7,0),IFERROR(VLOOKUP(H97,Criteria!F:P,7,0),NA()))))) -> 1 | L97: 0 | M97: 1 | N97: 3 | O97: =4 -> 4 | Q97: 2
A98: 6.5 | B98: Self-service ETL tools | C98: Does your data architecture support self-service ETL tools for power user to manage data without DWH team service? | G98: Tools & Automation | H98: 2 - In Progress / Partially Completed | J98: =IFERROR(VLOOKUP(H98,Criteria!B:L,7,0),IFERROR(VLOOKUP(H98,Criteria!C:M,7,0),IFERROR(VLOOKUP(H98,Criteria!D:N,7,0),IFERROR(VLOOKUP(H98,Criteria!E:O,7,0),IFERROR(VLOOKUP(H98,Criteria!F:P,7,0),NA()))))) -> 2 | L98: 0 | M98: 1 | N98: =3 -> 3 | O98: =4 -> 4 | Q98: 2
A99: 6.6 | B99: BI system performance monitoring tools | C99: Are there performance monitoring tools for the BI system (e.g., report load times, errors, etc.)? | G99: Efficiency Monitoring | H99: 0 - No | J99: =IFERROR(VLOOKUP(H99,Criteria!B:L,7,0),IFERROR(VLOOKUP(H99,Criteria!C:M,7,0),IFERROR(VLOOKUP(H99,Criteria!D:N,7,0),IFERROR(VLOOKUP(H99,Criteria!E:O,7,0),IFERROR(VLOOKUP(H99,Criteria!F:P,7,0),NA()))))) -> 0 | L99: =1 -> 1 | M99: =2 -> 2 | N99: =3 -> 3 | O99: =4 -> 4 | Q99: 2
A100: 6.7 | B100: Regular query optimization | C100: Is there a tooling and process of regular query check and optimization to improve the performance of the BI system? | G100: Efficiency Monitoring | H100: 1 - Planned | J100: =IFERROR(VLOOKUP(H100,Criteria!B:L,7,0),IFERROR(VLOOKUP(H100,Criteria!C:M,7,0),IFERROR(VLOOKUP(H100,Criteria!D:N,7,0),IFERROR(VLOOKUP(H100,Criteria!E:O,7,0),IFERROR(VLOOKUP(H100,Criteria!F:P,7,0),NA()))))) -> 1 | L100: =1 -> 1 | M100: =2 -> 2 | N100: =3 -> 3 | O100: =4 -> 4 | Q100: 2
A101: 6.8 | B101: BI platform update management | C101: Is there a well-established process for updating the BI platform? | G101: Tools & Automation | H101: 2 - In Progress / Partially Completed | J101: =IFERROR(VLOOKUP(H101,Criteria!B:L,7,0),IFERROR(VLOOKUP(H101,Criteria!C:M,7,0),IFERROR(VLOOKUP(H101,Criteria!D:N,7,0),IFERROR(VLOOKUP(H101,Criteria!E:O,7,0),IFERROR(VLOOKUP(H101,Criteria!F:P,7,0),NA()))))) -> 2 | L101: =1 -> 1 | M101: =2 -> 2 | N101: =3 -> 3 | O101: =4 -> 4 | Q101: 2
A102: 6.9 | B102: Integration with Data Catalog | C102: Is the BI system integrated with a data catalog for easy discovery and governance of data assets? | G102: Tools & Automation | H102: 0 - No | J102: =IFERROR(VLOOKUP(H102,Criteria!B:L,7,0),IFERROR(VLOOKUP(H102,Criteria!C:M,7,0),IFERROR(VLOOKUP(H102,Criteria!D:N,7,0),IFERROR(VLOOKUP(H102,Criteria!E:O,7,0),IFERROR(VLOOKUP(H102,Criteria!F:P,7,0),NA()))))) -> 0 | L102: 0 | M102: 1 | N102: =3 -> 3 | O102: =4 -> 4 | Q102: 2
A103: 6.10 | B103: Automation of report subscriptions | C103: Is there automation for mass report distribution with flexible customization options based on user needs? | G103: Tools & Automation | H103: 3 - Completed, but Improvement Needed | J103: =IFERROR(VLOOKUP(H103,Criteria!B:L,7,0),IFERROR(VLOOKUP(H103,Criteria!C:M,7,0),IFERROR(VLOOKUP(H103,Criteria!D:N,7,0),IFERROR(VLOOKUP(H103,Criteria!E:O,7,0),IFERROR(VLOOKUP(H103,Criteria!F:P,7,0),NA()))))) -> 3 | L103: =1 -> 1 | M103: =2 -> 2 | N103: =3 -> 3 | O103: =4 -> 4 | Q103: 2
A105: 7 | B105: Data Quality management | J105: =AVERAGEIF(J107:J112,">= 0") -> 1 | L105: =AVERAGEIF(L107:L112,">= 0") -> 1.1666667 | M105: =AVERAGEIF(M107:M112,">= 0") -> 2 | N105: =AVERAGEIF(N107:N112,">= 0") -> 3 | O105: =AVERAGEIF(O107:O112,">= 0") -> 4 | Q105: =AVERAGEIF(Q107:Q114,">= 0") -> 2.3035714
A107: 7.1 | B107: Automation of report updates | C107: Are reports automatically updated on a set schedule without the need for manual intervention? | G107: Tools & Automation | H107: 2 - In Progress / Partially Completed | J107: =IFERROR(VLOOKUP(H107,Criteria!B:L,7,0),IFERROR(VLOOKUP(H107,Criteria!C:M,7,0),IFERROR(VLOOKUP(H107,Criteria!D:N,7,0),IFERROR(VLOOKUP(H107,Criteria!E:O,7,0),IFERROR(VLOOKUP(H107,Criteria!F:P,7,0),NA()))))) -> 2 | L107: 2 | M107: =2 -> 2 | N107: =3 -> 3 | O107: =4 -> 4 | Q107: 3
A108: 7.2 | B108: Data validation | C108: Are automated procedures in place to check data for accuracy, completeness, and timeliness of BI products? | G108: Processes & Standards | H108: 0 - No | J108: =IFERROR(VLOOKUP(H108,Criteria!B:L,7,0),IFERROR(VLOOKUP(H108,Criteria!C:M,7,0),IFERROR(VLOOKUP(H108,Criteria!D:N,7,0),IFERROR(VLOOKUP(H108,Criteria!E:O,7,0),IFERROR(VLOOKUP(H108,Criteria!F:P,7,0),NA()))))) -> 0 | L108: =1 -> 1 | M108: =2 -> 2 | N108: =3 -> 3 | O108: =4 -> 4 | Q108: 2
A109: 7.3 | B109: Certified data sources | C109: Is there a layer of data sources certified for use in specific data domains or metrics? | G109: Tools & Automation | H109: 1 - Planned | J109: =IFERROR(VLOOKUP(H109,Criteria!B:L,7,0),IFERROR(VLOOKUP(H109,Criteria!C:M,7,0),IFERROR(VLOOKUP(H109,Criteria!D:N,7,0),IFERROR(VLOOKUP(H109,Criteria!E:O,7,0),IFERROR(VLOOKUP(H109,Criteria!F:P,7,0),NA()))))) -> 1 | L109: =1 -> 1 | M109: =2 -> 2 | N109: =3 -> 3 | O109: =4 -> 4 | Q109: 2
A110: 7.4 | B110: Documentation of data sources | C110: Are all certified data sources clearly documented, including their fields description and ownership? | G110: Processes & Standards | H110: 2 - In Progress / Partially Completed | J110: =IFERROR(VLOOKUP(H110,Criteria!B:L,7,0),IFERROR(VLOOKUP(H110,Criteria!C:M,7,0),IFERROR(VLOOKUP(H110,Criteria!D:N,7,0),IFERROR(VLOOKUP(H110,Criteria!E:O,7,0),IFERROR(VLOOKUP(H110,Criteria!F:P,7,0),NA()))))) -> 2 | L110: =1 -> 1 | M110: =2 -> 2 | N110: =3 -> 3 | O110: =4 -> 4 | Q110: 3
A111: 7.5 | B111: Tracking of data changes | C111: Is there a process in the BI system for tracking data changes using data lineage metadata? | G111: Processes & Standards | H111: 0 - No | J111: =IFERROR(VLOOKUP(H111,Criteria!B:L,7,0),IFERROR(VLOOKUP(H111,Criteria!C:M,7,0),IFERROR(VLOOKUP(H111,Criteria!D:N,7,0),IFERROR(VLOOKUP(H111,Criteria!E:O,7,0),IFERROR(VLOOKUP(H111,Criteria!F:P,7,0),NA()))))) -> 0 | L111: 0 | M111: 1 | N111: =3 -> 3 | O111: =4 -> 4 | Q111: 2
A112: 7.6 | B112: Transparency of data freshness | C112: Is the data extraction time and any delays clearly displayed in reports for transparency? | G112: Processes & Standards | H112: 1 - Planned | J112: =IFERROR(VLOOKUP(H112,Criteria!B:L,7,0),IFERROR(VLOOKUP(H112,Criteria!C:M,7,0),IFERROR(VLOOKUP(H112,Criteria!D:N,7,0),IFERROR(VLOOKUP(H112,Criteria!E:O,7,0),IFERROR(VLOOKUP(H112,Criteria!F:P,7,0),NA()))))) -> 1 | L112: 2 | M112: 3 | N112: =3 -> 3 | O112: =4 -> 4 | Q112: 2
A114: 8 | B114: BI security and compliance | J114: =AVERAGEIF(J116:J123,">= 0") -> 1.5 | L114: =AVERAGEIF(L116:L123,">= 0") -> 0.75 | M114: =AVERAGEIF(M116:M123,">= 0") -> 1.75 | N114: =AVERAGEIF(N116:N123,">= 0") -> 3 | O114: =AVERAGEIF(O116:O123,">= 0") -> 4 | Q114: =AVERAGEIF(Q116:Q123,">= 0") -> 2.125
A116: 8.1 | B116: Role-based access management | C116: Does the BI system have role-based access control, restricting data access based on user roles? | G116: Processes & Standards | H116: 2 - In Progress / Partially Completed | J116: =IFERROR(VLOOKUP(H116,Criteria!B:L,7,0),IFERROR(VLOOKUP(H116,Criteria!C:M,7,0),IFERROR(VLOOKUP(H116,Criteria!D:N,7,0),IFERROR(VLOOKUP(H116,Criteria!E:O,7,0),IFERROR(VLOOKUP(H116,Criteria!F:P,7,0),NA()))))) -> 2 | L116: =1 -> 1 | M116: =2 -> 2 | N116: =3 -> 3 | O116: =4 -> 4 | Q116: 3
A117: 8.2 | B117: Automatic user role identification | C117: Is access automatically granted based on automatic rule-based role assignment in the BI system? | G117: Tools & Automation | H117: 0 - No | J117: =IFERROR(VLOOKUP(H117,Criteria!B:L,7,0),IFERROR(VLOOKUP(H117,Criteria!C:M,7,0),IFERROR(VLOOKUP(H117,Criteria!D:N,7,0),IFERROR(VLOOKUP(H117,Criteria!E:O,7,0),IFERROR(VLOOKUP(H117,Criteria!F:P,7,0),NA()))))) -> 0 | L117: 0 | M117: 1 | N117: =3 -> 3 | O117: =4 -> 4 | Q117: 1
A118: 8.3 | B118: Access profile request workflows | C118: Is there a system for users to request access profiles with an automated approval workflow? | G118: Processes & Standards | H118: 1 - Planned | J118: =IFERROR(VLOOKUP(H118,Criteria!B:L,7,0),IFERROR(VLOOKUP(H118,Criteria!C:M,7,0),IFERROR(VLOOKUP(H118,Criteria!D:N,7,0),IFERROR(VLOOKUP(H118,Criteria!E:O,7,0),IFERROR(VLOOKUP(H118,Criteria!F:P,7,0),NA()))))) -> 1 | L118: =1 -> 1 | M118: =2 -> 2 | N118: =3 -> 3 | O118: =4 -> 4 | Q118: 3
A119: 8.4 | B119: Integration with Active Directory (or similar) | C119: Is access to the BI system managed through integration with Active Directory or a similar system? | G119: Tools & Automation | H119: 2 - In Progress / Partially Completed | J119: =IFERROR(VLOOKUP(H119,Criteria!B:L,7,0),IFERROR(VLOOKUP(H119,Criteria!C:M,7,0),IFERROR(VLOOKUP(H119,Criteria!D:N,7,0),IFERROR(VLOOKUP(H119,Criteria!E:O,7,0),IFERROR(VLOOKUP(H119,Criteria!F:P,7,0),NA()))))) -> 2 | L119: 2 | M119: 3 | N119: =3 -> 3 | O119: =4 -> 4 | Q119: 2
A120: 8.5 | B120: Regular security audits | C120: Are regular security audits conducted to review access rights in the BI system? | G120: Processes & Standards | H120: 0 - No | J120: =IFERROR(VLOOKUP(H120,Criteria!B:L,7,0),IFERROR(VLOOKUP(H120,Criteria!C:M,7,0),IFERROR(VLOOKUP(H120,Criteria!D:N,7,0),IFERROR(VLOOKUP(H120,Criteria!E:O,7,0),IFERROR(VLOOKUP(H120,Criteria!F:P,7,0),NA()))))) -> 0 | L120: 0 | M120: 1 | N120: =3 -> 3 | O120: =4 -> 4 | Q120: 2
A121: 8.6 | B121: Compliance with legal regulations | C121: Does the BI system comply with legal regulations (e.g., GDPR, HIPAA)? | G121: Processes & Standards | H121: 3 - Completed, but Improvement Needed | J121: =IFERROR(VLOOKUP(H121,Criteria!B:L,7,0),IFERROR(VLOOKUP(H121,Criteria!C:M,7,0),IFERROR(VLOOKUP(H121,Criteria!D:N,7,0),IFERROR(VLOOKUP(H121,Criteria!E:O,7,0),IFERROR(VLOOKUP(H121,Criteria!F:P,7,0),NA()))))) -> 3 | L121: =1 -> 1 | M121: =2 -> 2 | N121: =3 -> 3 | O121: =4 -> 4 | Q121: 2
A122: 8.7 | B122: Risk assessment and management | C122: Is regular risk assessment conducted regarding the use of data and analytics in the BI system? | G122: Processes & Standards | H122: 0 - No | J122: =IFERROR(VLOOKUP(H122,Criteria!B:L,7,0),IFERROR(VLOOKUP(H122,Criteria!C:M,7,0),IFERROR(VLOOKUP(H122,Criteria!D:N,7,0),IFERROR(VLOOKUP(H122,Criteria!E:O,7,0),IFERROR(VLOOKUP(H122,Criteria!F:P,7,0),NA()))))) -> 0 | L122: 0 | M122: 1 | N122: =3 -> 3 | O122: =4 -> 4 | Q122: 2
A123: 8.8 | B123: BI disaster recovery plan | C123: Has a disaster recovery plan been developed and tested for the BI system? | G123: Tools & Automation | H123: 4 - Fully Completed and Optimized | J123: =IFERROR(VLOOKUP(H123,Criteria!B:L,7,0),IFERROR(VLOOKUP(H123,Criteria!C:M,7,0),IFERROR(VLOOKUP(H123,Criteria!D:N,7,0),IFERROR(VLOOKUP(H123,Criteria!E:O,7,0),IFERROR(VLOOKUP(H123,Criteria!F:P,7,0),NA()))))) -> 4 | L123: =1 -> 1 | M123: =2 -> 2 | N123: =3 -> 3 | O123: =4 -> 4 | Q123: 2
A125: 9 | B125: Project Management | J125: =AVERAGEIF(J127:J134,">= 0") -> 1 | L125: =AVERAGEIF(L127:L134,">= 0") -> 0.75 | M125: =AVERAGEIF(M127:M134,">= 0") -> 1.75 | N125: =AVERAGEIF(N127:N134,">= 0") -> 2.875 | O125: =AVERAGEIF(O127:O134,">= 0") -> 3.875 | Q125: =AVERAGEIF(Q127:Q135,">= 0") -> 1.75
A127: 9.1 | B127: Project prioritization system | C127: Is there a BI project prioritization system in place for managing resources and providing clarity for stakeholders? | G127: Processes & Standards | H127: 2 - In Progress / Partially Completed | J127: =IFERROR(VLOOKUP(H127,Criteria!B:L,7,0),IFERROR(VLOOKUP(H127,Criteria!C:M,7,0),IFERROR(VLOOKUP(H127,Criteria!D:N,7,0),IFERROR(VLOOKUP(H127,Criteria!E:O,7,0),IFERROR(VLOOKUP(H127,Criteria!F:P,7,0),NA()))))) -> 2 | L127: =1 -> 1 | M127: =2 -> 2 | N127: =3 -> 3 | O127: =4 -> 4 | Q127: 3
A128: 9.2 | B128: Task tracking routine | C128: Is project management conducted in a task-tracking environment (like JIRA) ? | G128: Processes & Standards | H128: 0 - No | J128: =IFERROR(VLOOKUP(H128,Criteria!B:L,7,0),IFERROR(VLOOKUP(H128,Criteria!C:M,7,0),IFERROR(VLOOKUP(H128,Criteria!D:N,7,0),IFERROR(VLOOKUP(H128,Criteria!E:O,7,0),IFERROR(VLOOKUP(H128,Criteria!F:P,7,0),NA()))))) -> 0 | L128: 2 | M128: =2 -> 2 | N128: =3 -> 3 | O128: =4 -> 4 | Q128: 1
A129: 9.3 | B129: Agile project management | C129: Is Agile project management (e.g., Kanban or Scrum with sprints and retrospectives) used for BI projects? | G129: Processes & Standards | H129: 1 - Planned | J129: =IFERROR(VLOOKUP(H129,Criteria!B:L,7,0),IFERROR(VLOOKUP(H129,Criteria!C:M,7,0),IFERROR(VLOOKUP(H129,Criteria!D:N,7,0),IFERROR(VLOOKUP(H129,Criteria!E:O,7,0),IFERROR(VLOOKUP(H129,Criteria!F:P,7,0),NA()))))) -> 1 | L129: =1 -> 1 | M129: =2 -> 2 | N129: =3 -> 3 | O129: =4 -> 4 | Q129: 1
A130: 9.4 | B130: Competency matrix | C130: Is there a competency matrix in place to assess and develop skills within the BI team? | G130: Skills & Trainings | H130: 2 - In Progress / Partially Completed | J130: =IFERROR(VLOOKUP(H130,Criteria!B:L,7,0),IFERROR(VLOOKUP(H130,Criteria!C:M,7,0),IFERROR(VLOOKUP(H130,Criteria!D:N,7,0),IFERROR(VLOOKUP(H130,Criteria!E:O,7,0),IFERROR(VLOOKUP(H130,Criteria!F:P,7,0),NA()))))) -> 2 | L130: 0 | M130: 2 | N130: =3 -> 3 | O130: =4 -> 4 | Q130: 3
...

Sheet About the tool
B2: BI Adoption Diagnostics tool by Data Nature | O2: Designed by Data Nature free to use, comment or share
B3: Hey, BI Manager. | O3: https://data-nature.com
B4: This is a tool I developed to streamline the introspection and strategic planning in a simple and clear way. Should this tool not fully meet your needs, feel free to adapt it to your requirements. It's available for free download and customization.
B5: BR, Alex Barakov
B7: Other ideas behind this Tool:
B14: This initiative is open for suggestions from data and analytics community. Feel free to share feedback with comments of write me directly using | J14: Telegram | K14: or | L14: Linkedin
B15: If you require assistance in evaluating data maturity or in designing a data strategy, please feel free to | H15: reach out to me for support.

Sheet Criteria
B2: 0 - No | C2: 1 - Planned | D2: 2 - In Progress / Partially Completed | E2: 3 - Completed, but Improvement Needed | F2: 4 - Fully Completed and Optimized | G2: Select an option | H2: 0 | I2: 1 | J2: 2 | K2: 3 | L2: 4
B3: Up to 50 | C3: Up to 150 | D3: Up to 500 | E3: 500+ | G3: Select an option | H3: 0 | I3: 1 | J3: 2 | K3: 3 | L3: 4
B4: High Dependency: Data is vital for Business | C4: Moderate Dependency: Data provides important support for the business | D4: Low Dependency: Business is managed mostly based on experience and historical practices. | G4: Select an option | H4: 0 | I4: 1 | J4: 2 | K4: 3 | L4: 4
B5: Very Likely: Data-driven innovations are revolutionizing the industry | C5: Somewhat Likely: Moderate impact, with data enhancing existing methods and processes. | D5: Unlikely: Limited influence, traditional approaches remain dominant despite data availability. | G5: Select an option | H5: 0 | I5: 1 | J5: 2 | K5: 3 | L5: 4
B6: Not Applicable | C6: Rarely Applicable | D6: Sometimes Applicable | E6: Often Applicable | F6: Highly Applicable | G6: Select an option | H6: 0 | I6: 1 | J6: 2 | K6: 3 | L6: 4
